{
  "numFailedTestSuites": 2,
  "numFailedTests": 2,
  "numPassedTestSuites": 2,
  "numPassedTests": 21,
  "numPendingTestSuites": 0,
  "numPendingTests": 0,
  "numRuntimeErrorTestSuites": 0,
  "numTotalTestSuites": 4,
  "numTotalTests": 23,
  "snapshot": {
    "added": 0,
    "didUpdate": false,
    "failure": false,
    "filesAdded": 0,
    "filesRemoved": 0,
    "filesUnmatched": 0,
    "filesUpdated": 0,
    "matched": 0,
    "total": 0,
    "unchecked": 0,
    "unmatched": 0,
    "updated": 0
  },
  "startTime": 1506716960031,
  "success": false,
  "testResults": [
    {
      "assertionResults": [
        {
          "ancestorTitles": ["curry"],
          "failureMessages": [],
          "fullName": "curry simple curry",
          "status": "passed",
          "title": "simple curry"
        },
        {
          "ancestorTitles": ["curry"],
          "failureMessages": [],
          "fullName": "curry can parse middleware",
          "status": "passed",
          "title": "can parse middleware"
        },
        {
          "ancestorTitles": ["curry"],
          "failureMessages": [],
          "fullName": "curry can be used many times",
          "status": "passed",
          "title": "can be used many times"
        },
        {
          "ancestorTitles": ["curry"],
          "failureMessages": [],
          "fullName": "curry can be used with deferred functions many times",
          "status": "passed",
          "title": "can be used with deferred functions many times"
        },
        {
          "ancestorTitles": ["curry"],
          "failureMessages": [
            "Error: Failed: intentionally failed\n    at stackFormatter (/Z/Y/node_modules/jest/node_modules/jest-jasmine2/build/expectation_result_factory.js:49:427)\n    at expectationResultFactory (/Z/Y/node_modules/jest/node_modules/jest-jasmine2/build/expectation_result_factory.js:49:591)\n    at Spec.Object.<anonymous>.Spec.addExpectationResult (/Z/Y/node_modules/jest/node_modules/jest-jasmine2/build/jasmine/Spec.js:73:70)\n    at Env.fail (/Z/Y/node_modules/jest/node_modules/jest-jasmine2/build/jasmine/Env.js:510:25)\n    at fail (/Z/Y/node_modules/jest/node_modules/jest-jasmine2/build/jasmine/jasmine_light.js:116:23)\n    at Object.<anonymous> (/Z/Y/packages/Y-keeper/src/redux/doable/__tests__/learn-ramda.test.ts:75:9)\n    at Object.asyncFn (/Z/Y/node_modules/jest/node_modules/jest-jasmine2/build/jasmine_async.js:124:345)\n    at resolve (/Z/Y/node_modules/jest/node_modules/jest-jasmine2/build/queue_runner.js:46:12)\n    at tryCallTwo (/Z/Y/node_modules/promise/lib/core.js:45:5)\n    at doResolve (/Z/Y/node_modules/promise/lib/core.js:200:13)"
          ],
          "fullName": "curry keeper jest test",
          "status": "failed",
          "title": "keeper jest test"
        }
      ],
      "endTime": 1506716960706,
      "message":
        "  ● curry › keeper jest test\n\n    Failed: intentionally failed\n      \n      at stackFormatter (node_modules/jest/node_modules/jest-jasmine2/build/expectation_result_factory.js:49:427)\n      at Object.<anonymous> (packages/Y-keeper/src/redux/doable/__tests__/learn-ramda.test.ts:75:9)\n      at tryCallTwo (node_modules/promise/lib/core.js:45:5)\n      at doResolve (node_modules/promise/lib/core.js:200:13)\n",
      "name":
        "/X/packages/Y-keeper/src/redux/doable/__tests__/learn-ramda.test.ts",
      "startTime": 1506716960103,
      "status": "failed",
      "summary": ""
    },
    {
      "assertionResults": [
        {
          "ancestorTitles": ["testing EthNumber..."],
          "failureMessages": [],
          "fullName":
            "testing EthNumber... can take various format bigNumber can take",
          "status": "passed",
          "title": "can take various format bigNumber can take"
        },
        {
          "ancestorTitles": ["testing EthNumber..."],
          "failureMessages": [],
          "fullName":
            "testing EthNumber... can handle empty and null as expected",
          "status": "passed",
          "title": "can handle empty and null as expected"
        },
        {
          "ancestorTitles": ["testing EthNumber..."],
          "failureMessages": [],
          "fullName": "testing EthNumber... should prevent toNumber for money",
          "status": "passed",
          "title": "should prevent toNumber for money"
        },
        {
          "ancestorTitles": ["testing EthNumber..."],
          "failureMessages": [],
          "fullName": "testing EthNumber... can understand unit",
          "status": "passed",
          "title": "can understand unit"
        },
        {
          "ancestorTitles": ["testing EthNumber..."],
          "failureMessages": [],
          "fullName": "testing EthNumber... can compare across unit",
          "status": "passed",
          "title": "can compare across unit"
        },
        {
          "ancestorTitles": ["testing EthNumber..."],
          "failureMessages": [],
          "fullName": "testing EthNumber... can operate across unit",
          "status": "passed",
          "title": "can operate across unit"
        },
        {
          "ancestorTitles": ["testing Address"],
          "failureMessages": [],
          "fullName": "testing Address can prevent invalid address",
          "status": "passed",
          "title": "can prevent invalid address"
        },
        {
          "ancestorTitles": ["testing Address"],
          "failureMessages": [],
          "fullName":
            "testing Address can accept valid address with or without prefix",
          "status": "passed",
          "title": "can accept valid address with or without prefix"
        },
        {
          "ancestorTitles": ["testing Address"],
          "failureMessages": [],
          "fullName": "testing Address can detect if address is empty",
          "status": "passed",
          "title": "can detect if address is empty"
        }
      ],
      "endTime": 1506716961514,
      "message": "",
      "name": "/X/packages/Y-core/src/eth/__tests__/types.test.ts",
      "startTime": 1506716960759,
      "status": "passed",
      "summary": ""
    },
    {
      "assertionResults": [
        {
          "ancestorTitles": [],
          "failureMessages": [],
          "fullName": "renders correctly",
          "status": "passed",
          "title": "renders correctly"
        },
        {
          "ancestorTitles": [],
          "failureMessages": [
            "Error: Failed: make jest fail for react-native\n    at stackFormatter (/Z/Y/node_modules/jest/node_modules/jest-jasmine2/build/expectation_result_factory.js:49:427)\n    at expectationResultFactory (/Z/Y/node_modules/jest/node_modules/jest-jasmine2/build/expectation_result_factory.js:49:591)\n    at Spec.Object.<anonymous>.Spec.addExpectationResult (/Z/Y/node_modules/jest/node_modules/jest-jasmine2/build/jasmine/Spec.js:73:70)\n    at Env.fail (/Z/Y/node_modules/jest/node_modules/jest-jasmine2/build/jasmine/Env.js:510:25)\n    at fail (/Z/Y/node_modules/jest/node_modules/jest-jasmine2/build/jasmine/jasmine_light.js:116:23)\n    at Object.<anonymous> (/Z/Y/packages/Y-app-vault/native/__tests__/index.ios.js:14:1)\n    at Object.asyncFn (/Z/Y/node_modules/jest/node_modules/jest-jasmine2/build/jasmine_async.js:124:345)\n    at resolve (/Z/Y/node_modules/jest/node_modules/jest-jasmine2/build/queue_runner.js:46:12)\n    at tryCallTwo (/Z/Y/node_modules/promise/lib/core.js:45:5)\n    at doResolve (/Z/Y/node_modules/promise/lib/core.js:200:13)"
          ],
          "fullName": "testing jest with react-native",
          "status": "failed",
          "title": "testing jest with react-native"
        }
      ],
      "endTime": 1506716961734,
      "message":
        "  ● testing jest with react-native\n\n    Failed: make jest fail for react-native\n      \n      at stackFormatter (node_modules/jest/node_modules/jest-jasmine2/build/expectation_result_factory.js:49:427)\n      at Object.<anonymous> (packages/Y-app-vault/native/__tests__/index.ios.js:14:1)\n      at tryCallTwo (node_modules/promise/lib/core.js:45:5)\n      at doResolve (node_modules/promise/lib/core.js:200:13)\n",
      "name": "/X/packages/Y-app-vault/native/__tests__/index.ios.js",
      "startTime": 1506716961553,
      "status": "failed",
      "summary": ""
    },
    {
      "assertionResults": [
        {
          "ancestorTitles": ["testing HDKeyMaker"],
          "failureMessages": [],
          "fullName":
            "testing HDKeyMaker can create account and generate mnemonic phrase",
          "status": "passed",
          "title": "can create account and generate mnemonic phrase"
        },
        {
          "ancestorTitles": ["testing HDKeyMaker"],
          "failureMessages": [],
          "fullName":
            "testing HDKeyMaker same mnemonic will generate same keys and same order",
          "status": "passed",
          "title": "same mnemonic will generate same keys and same order"
        },
        {
          "ancestorTitles": ["testing HDKeyMaker"],
          "failureMessages": [],
          "fullName":
            "testing HDKeyMaker different mnemonic will generate different keys",
          "status": "passed",
          "title": "different mnemonic will generate different keys"
        },
        {
          "ancestorTitles": ["testing HDKeyMaker"],
          "failureMessages": [],
          "fullName":
            "testing HDKeyMaker can add more accounts, while to be restorable",
          "status": "passed",
          "title": "can add more accounts, while to be restorable"
        },
        {
          "ancestorTitles": ["testing HDKeyMaker"],
          "failureMessages": [],
          "fullName": "testing HDKeyMaker has the right type",
          "status": "passed",
          "title": "has the right type"
        },
        {
          "ancestorTitles": ["testing HDKeyMaker"],
          "failureMessages": [],
          "fullName":
            "testing HDKeyMaker can serialize then deserialize correctly",
          "status": "passed",
          "title": "can serialize then deserialize correctly"
        },
        {
          "ancestorTitles": ["testing HDKeyMaker"],
          "failureMessages": [],
          "fullName": "testing HDKeyMaker satisfy KeyMakerCreatable interface",
          "status": "passed",
          "title": "satisfy KeyMakerCreatable interface"
        }
      ],
      "endTime": 1506716961992,
      "message": "",
      "name": "/X/packages/Y-key-hd/src/__tests__/HDKeyMaker.test.ts",
      "startTime": 1506716961763,
      "status": "passed",
      "summary": ""
    }
  ],
  "wasInterrupted": false
}
